training_cost,test_cost
0.9999185118039473,0.9998698737925068
0.9998973415355076,0.9997175676563765
0.9999108279340669,0.9992930588054533
0.999882263928859,0.9994162198659738
0.999895837805622,0.9997128270268604
0.9999139887423792,0.9992022355074418
0.9998448717868462,0.999217158914388
0.9999465100064543,0.9993894534326635
0.9999087158275154,0.9996187857946525
0.9998887343321636,0.9987199165660114
